"File","Canonical","NoIndex"
"faq.html","https://mil-specroofing.com/faq/","False"
"general-construction.html","https://mil-specroofing.com/general-construction/","False"
"index.html","https://mil-specroofing.com/","False"
"services.html","https://mil-specroofing.com/services/","False"
"areas-served\alvin\index.html","https://mil-specroofing.com/areas-served/alvin/","False"
"areas-served\baytown\index.html","https://mil-specroofing.com/areas-served/baytown/","False"
"areas-served\clear-lake\index.html","https://mil-specroofing.com/areas-served/clear-lake/","False"
"areas-served\conroe\index.html","https://mil-specroofing.com/areas-served/conroe/","False"
"areas-served\cypress\index.html","https://mil-specroofing.com/areas-served/cypress/","False"
"areas-served\deer-park\index.html","https://mil-specroofing.com/areas-served/deer-park/","False"
"areas-served\friendswood\index.html","https://mil-specroofing.com/areas-served/friendswood/","False"
"areas-served\galveston\index.html","https://mil-specroofing.com/areas-served/galveston/","False"
"areas-served\houston\index.html","https://mil-specroofing.com/areas-served/houston/","False"
"areas-served\katy\index.html","https://mil-specroofing.com/areas-served/katy/","False"
"areas-served\kemah\index.html","https://mil-specroofing.com/areas-served/kemah/","False"
"areas-served\la-porte\index.html","https://mil-specroofing.com/areas-served/la-porte/","False"
"areas-served\league-city\index.html","https://mil-specroofing.com/areas-served/league-city/","False"
"areas-served\missouri-city\index.html","https://mil-specroofing.com/areas-served/missouri-city/","False"
"areas-served\pasadena\index.html","https://mil-specroofing.com/areas-served/pasadena/","False"
"areas-served\pearland\index.html","https://mil-specroofing.com/areas-served/pearland/","False"
"areas-served\seabrook\index.html","https://mil-specroofing.com/areas-served/seabrook/","False"
"areas-served\spring\index.html","https://mil-specroofing.com/areas-served/spring/","False"
"areas-served\sugar-land\index.html","https://mil-specroofing.com/areas-served/sugar-land/","False"
"areas-served\texas-city\index.html","https://mil-specroofing.com/areas-served/texas-city/","False"
"areas-served\the-woodlands\index.html","https://mil-specroofing.com/areas-served/the-woodlands/","False"
"areas-served\webster\index.html","https://mil-specroofing.com/areas-served/webster/","False"
"contact-us\index.html","https://mil-specroofing.com/contact-us/","False"
"faq\index.html","","False"
"general-construction\index.html","","False"
"project-gallery\index.html","","False"
"services\index.html","https://mil-specroofing.com/services/","False"
"services\commercial-roofing\index.html","https://mil-specroofing.com/services/commercial-roofing/","False"
"services\emergency-roofing\index.html","https://mil-specroofing.com/services/emergency-roofing/","False"
"services\flat-roofing\index.html","https://mil-specroofing.com/services/flat-roofing/","False"
"services\gutters-siding\index.html","https://mil-specroofing.com/services/gutters-siding/","False"
"services\insurance-claims\index.html","https://mil-specroofing.com/services/insurance-claims/","False"
"services\multi-family-roofing\index.html","https://mil-specroofing.com/services/multi-family-roofing/","False"
"services\residential-roofing\index.html","https://mil-specroofing.com/services/residential-roofing/","False"
"services\roof-inspection\index.html","https://mil-specroofing.com/services/roof-inspection/","False"
"services\roof-installation\index.html","https://mil-specroofing.com/services/roof-installation/","False"
"services\roof-repair\index.html","https://mil-specroofing.com/services/roof-repair/","False"
"services\roof-replacement\index.html","https://mil-specroofing.com/services/roof-replacement/","False"
"services\roof-tarping\index.html","https://mil-specroofing.com/services/roof-tarping/","False"
"testimonials\index.html","","False"
